"","Sample.1","Sample.2","Sample.3","Sample.4"
"Chol",4.16075750703373,3.19221212781926,3.09592565727634,5.24551262812236
